keyword,categories
focus,Education
improve,Education
reading,Education
education,Education
concentration,Education
problem,Family
handle,Family
understand,Family
fight,Family
meetings,Social
improve, Spiritual
mind, Spiritual
spirituality, Spiritual
control, Spiritual
cure, Health
healthy, Health
prevention, Health
business problems,Economic Conditions
industry,Economic Conditions
corporate world,Corporate
stability,Mental Stability
mind,Mental Stability
mindeset,Mental Stability
business,Business
option,Business
setup,Business
health problem, Natural Happenings
hospital, Natural Happenings
election,Political
